Sample_ID,Sample_Name,Sample_Well,I7_Index_ID,index,I5_Index_ID,index2,Sample_Project,Description
CellID-1,,,GGACTCCT,N5049,CACGTCTC,N7005,,
CellID-2,,,GTGTGGTG,N5050,TTAGGCAA,N7017,,
CellID-3,,,ATTGCCGG,N5051,CAAGTTAA,N7029,,
CellID-4,,,TACACCTC,N5052,TGTTAAAG,N7041,,
CellID-5,,,CATCCTGT,N5053,GGTCTACG,N7053,,
CellID-6,,,TAACAACA,N5054,CGCAAATA,N7065,,
CellID-7,,,GCCAATTC,N5055,TCCTGGAT,N7077,,
CellID-8,,,CACTAGGC,N5056,CAGGAACA,N7089,,
CellID-9,,,GGACTCCT,N5057,CTGCGCGT,N7005,,
CellID-10,,,GTGTGGTG,N5058,TCGCCAGA,N7017,,
CellID-11,,,ATTGCCGG,N5059,TGTAGATT,N7029,,
CellID-12,,,TACACCTC,N5060,GGTCAGTA,N7041,,
CellID-13,,,CATCCTGT,N5049,CACGTCTC,N7053,,
CellID-14,,,TAACAACA,N5050,TTAGGCAA,N7065,,
CellID-15,,,GCCAATTC,N5051,CAAGTTAA,N7077,,
CellID-16,,,CACTAGGC,N5052,TGTTAAAG,N7089,,
CellID-17,,,GGACTCCT,N5053,GGTCTACG,N7005,,
CellID-18,,,GTGTGGTG,N5054,CGCAAATA,N7017,,
CellID-19,,,ATTGCCGG,N5055,TCCTGGAT,N7029,,
CellID-20,,,TACACCTC,N5056,CAGGAACA,N7041,,
CellID-21,,,CATCCTGT,N5057,CTGCGCGT,N7053,,
CellID-22,,,TAACAACA,N5058,TCGCCAGA,N7065,,
CellID-23,,,GCCAATTC,N5059,TGTAGATT,N7077,,
CellID-24,,,CACTAGGC,N5060,GGTCAGTA,N7089,,
CellID-25,,,GGACTCCT,N5049,CACGTCTC,N7005,,
CellID-26,,,GTGTGGTG,N5050,TTAGGCAA,N7017,,
CellID-27,,,ATTGCCGG,N5051,CAAGTTAA,N7029,,
CellID-28,,,TACACCTC,N5052,TGTTAAAG,N7041,,
CellID-29,,,CATCCTGT,N5053,GGTCTACG,N7053,,
CellID-30,,,TAACAACA,N5054,CGCAAATA,N7065,,
CellID-31,,,GCCAATTC,N5055,TCCTGGAT,N7077,,
CellID-32,,,CACTAGGC,N5056,CAGGAACA,N7089,,
CellID-33,,,GGACTCCT,N5057,CTGCGCGT,N7005,,
CellID-34,,,GTGTGGTG,N5058,TCGCCAGA,N7017,,
CellID-35,,,ATTGCCGG,N5059,TGTAGATT,N7029,,
CellID-36,,,TACACCTC,N5060,GGTCAGTA,N7041,,
CellID-37,,,CATCCTGT,N5049,CACGTCTC,N7053,,
CellID-38,,,TAACAACA,N5050,TTAGGCAA,N7065,,
CellID-39,,,GCCAATTC,N5051,CAAGTTAA,N7077,,
CellID-40,,,CACTAGGC,N5052,TGTTAAAG,N7089,,
CellID-41,,,GGACTCCT,N5053,GGTCTACG,N7005,,
CellID-42,,,GTGTGGTG,N5054,CGCAAATA,N7017,,
CellID-43,,,ATTGCCGG,N5055,TCCTGGAT,N7029,,
CellID-44,,,TACACCTC,N5056,CAGGAACA,N7041,,
CellID-45,,,CATCCTGT,N5057,CTGCGCGT,N7053,,
CellID-46,,,TAACAACA,N5058,TCGCCAGA,N7065,,
CellID-47,,,GCCAATTC,N5059,TGTAGATT,N7077,,
CellID-48,,,CACTAGGC,N5060,GGTCAGTA,N7089,,
CellID-49,,,GGACTCCT,N5049,CACGTCTC,N7005,,
CellID-50,,,GTGTGGTG,N5050,TTAGGCAA,N7017,,
CellID-51,,,ATTGCCGG,N5051,CAAGTTAA,N7029,,
CellID-52,,,TACACCTC,N5052,TGTTAAAG,N7041,,
CellID-53,,,CATCCTGT,N5053,GGTCTACG,N7053,,
CellID-54,,,TAACAACA,N5054,CGCAAATA,N7065,,
CellID-55,,,GCCAATTC,N5055,TCCTGGAT,N7077,,
CellID-56,,,CACTAGGC,N5056,CAGGAACA,N7089,,
CellID-57,,,GGACTCCT,N5057,CTGCGCGT,N7005,,
CellID-58,,,GTGTGGTG,N5058,TCGCCAGA,N7017,,
CellID-59,,,ATTGCCGG,N5059,TGTAGATT,N7029,,
CellID-60,,,TACACCTC,N5060,GGTCAGTA,N7041,,
CellID-61,,,CATCCTGT,N5049,CACGTCTC,N7053,,
CellID-62,,,TAACAACA,N5050,TTAGGCAA,N7065,,
CellID-63,,,GCCAATTC,N5051,CAAGTTAA,N7077,,
CellID-64,,,CACTAGGC,N5052,TGTTAAAG,N7089,,
CellID-65,,,GGACTCCT,N5053,GGTCTACG,N7005,,
CellID-66,,,GTGTGGTG,N5054,CGCAAATA,N7017,,
CellID-67,,,ATTGCCGG,N5055,TCCTGGAT,N7029,,
CellID-68,,,TACACCTC,N5056,CAGGAACA,N7041,,
CellID-69,,,CATCCTGT,N5057,CTGCGCGT,N7053,,
CellID-70,,,TAACAACA,N5058,TCGCCAGA,N7065,,
CellID-71,,,GCCAATTC,N5059,TGTAGATT,N7077,,
CellID-72,,,CACTAGGC,N5060,GGTCAGTA,N7089,,
CellID-73,,,GGACTCCT,N5049,CACGTCTC,N7005,,
CellID-74,,,GTGTGGTG,N5050,TTAGGCAA,N7017,,
CellID-75,,,ATTGCCGG,N5051,CAAGTTAA,N7029,,
CellID-76,,,TACACCTC,N5052,TGTTAAAG,N7041,,
CellID-77,,,CATCCTGT,N5053,GGTCTACG,N7053,,
CellID-78,,,TAACAACA,N5054,CGCAAATA,N7065,,
CellID-79,,,GCCAATTC,N5055,TCCTGGAT,N7077,,
CellID-80,,,CACTAGGC,N5056,CAGGAACA,N7089,,
CellID-81,,,GGACTCCT,N5057,CTGCGCGT,N7005,,
CellID-82,,,GTGTGGTG,N5058,TCGCCAGA,N7017,,
CellID-83,,,ATTGCCGG,N5059,TGTAGATT,N7029,,
CellID-84,,,TACACCTC,N5060,GGTCAGTA,N7041,,
CellID-85,,,CATCCTGT,N5049,CACGTCTC,N7053,,
CellID-86,,,TAACAACA,N5050,TTAGGCAA,N7065,,
CellID-87,,,GCCAATTC,N5051,CAAGTTAA,N7077,,
CellID-88,,,CACTAGGC,N5052,TGTTAAAG,N7089,,
CellID-89,,,GGACTCCT,N5053,GGTCTACG,N7005,,
CellID-90,,,GTGTGGTG,N5054,CGCAAATA,N7017,,
CellID-91,,,ATTGCCGG,N5055,TCCTGGAT,N7029,,
CellID-92,,,TACACCTC,N5056,CAGGAACA,N7041,,
CellID-93,,,CATCCTGT,N5057,CTGCGCGT,N7053,,
CellID-94,,,TAACAACA,N5058,TCGCCAGA,N7065,,
CellID-95,,,GCCAATTC,N5059,TGTAGATT,N7077,,
CellID-96,,,CACTAGGC,N5060,GGTCAGTA,N7089,,
