Sample_ID,I7_Index_ID,index,I5_Index_ID,index2
TwistER-day2_sc1,N7085,TTAAACTT,N5073,TGTATTAC
TwistER-day2_sc2,N7085,TTAAACTT,N5074,TAGACGCC
TwistER-day2_sc3,N7085,TTAAACTT,N5075,AGCAGCGC
TwistER-day2_sc4,N7085,TTAAACTT,N5076,AATGGCAC
TwistER-day2_sc5,N7085,TTAAACTT,N5077,CATACCTA
TwistER-day2_sc6,N7085,TTAAACTT,N5078,TAGGTGTT
TwistER-day2_sc7,N7085,TTAAACTT,N5079,GTTCGGAG
TwistER-day2_sc8,N7085,TTAAACTT,N5080,TGCCGTTG
TwistER-day2_sc9,N7085,TTAAACTT,N5081,CTACATTG
TwistER-day2_sc10,N7085,TTAAACTT,N5082,GGGTAGCC
TwistER-day2_sc11,N7085,TTAAACTT,N5083,CGGACTTT
TwistER-day2_sc12,N7085,TTAAACTT,N5084,CCGCGGAA
TwistER-day2_sc13,N7086,ACCACAAC,N5073,TGTATTAC
TwistER-day2_sc14,N7086,ACCACAAC,N5074,TAGACGCC
TwistER-day2_sc15,N7086,ACCACAAC,N5075,AGCAGCGC
TwistER-day2_sc16,N7086,ACCACAAC,N5076,AATGGCAC
TwistER-day2_sc17,N7086,ACCACAAC,N5077,CATACCTA
TwistER-day2_sc18,N7086,ACCACAAC,N5078,TAGGTGTT
TwistER-day2_sc19,N7086,ACCACAAC,N5079,GTTCGGAG
TwistER-day2_sc20,N7086,ACCACAAC,N5080,TGCCGTTG
TwistER-day2_sc21,N7086,ACCACAAC,N5081,CTACATTG
TwistER-day2_sc22,N7086,ACCACAAC,N5082,GGGTAGCC
TwistER-day2_sc23,N7086,ACCACAAC,N5083,CGGACTTT
TwistER-day2_sc24,N7086,ACCACAAC,N5084,CCGCGGAA
TwistER-day2_sc25,N7087,GCCTCTGG,N5073,TGTATTAC
TwistER-day2_sc26,N7087,GCCTCTGG,N5074,TAGACGCC
TwistER-day2_sc27,N7087,GCCTCTGG,N5075,AGCAGCGC
TwistER-day2_sc28,N7087,GCCTCTGG,N5076,AATGGCAC
TwistER-day2_sc29,N7087,GCCTCTGG,N5077,CATACCTA
TwistER-day2_sc30,N7087,GCCTCTGG,N5078,TAGGTGTT
TwistER-day2_sc31,N7087,GCCTCTGG,N5079,GTTCGGAG
TwistER-day2_sc32,N7087,GCCTCTGG,N5080,TGCCGTTG
TwistER-day2_sc33,N7087,GCCTCTGG,N5081,CTACATTG
TwistER-day2_sc34,N7087,GCCTCTGG,N5082,GGGTAGCC
TwistER-day2_sc35,N7087,GCCTCTGG,N5083,CGGACTTT
TwistER-day2_sc36,N7087,GCCTCTGG,N5084,CCGCGGAA
TwistER-day2_sc37,N7088,TCGCCCAC,N5073,TGTATTAC
TwistER-day2_sc38,N7088,TCGCCCAC,N5074,TAGACGCC
TwistER-day2_sc39,N7088,TCGCCCAC,N5075,AGCAGCGC
TwistER-day2_sc40,N7088,TCGCCCAC,N5076,AATGGCAC
TwistER-day2_sc41,N7088,TCGCCCAC,N5077,CATACCTA
TwistER-day2_sc42,N7088,TCGCCCAC,N5078,TAGGTGTT
TwistER-day2_sc43,N7088,TCGCCCAC,N5079,GTTCGGAG
TwistER-day2_sc44,N7088,TCGCCCAC,N5080,TGCCGTTG
TwistER-day2_sc45,N7088,TCGCCCAC,N5081,CTACATTG
TwistER-day2_sc46,N7088,TCGCCCAC,N5082,GGGTAGCC
TwistER-day2_sc47,N7088,TCGCCCAC,N5083,CGGACTTT
TwistER-day2_sc48,N7088,TCGCCCAC,N5084,CCGCGGAA
TwistER-day2_sc49,N7089,CACTAGGC,N5073,TGTATTAC
TwistER-day2_sc50,N7089,CACTAGGC,N5074,TAGACGCC
TwistER-day2_sc51,N7089,CACTAGGC,N5075,AGCAGCGC
TwistER-day2_sc52,N7089,CACTAGGC,N5076,AATGGCAC
TwistER-day2_sc53,N7089,CACTAGGC,N5077,CATACCTA
TwistER-day2_sc54,N7089,CACTAGGC,N5078,TAGGTGTT
TwistER-day2_sc55,N7089,CACTAGGC,N5079,GTTCGGAG
TwistER-day2_sc56,N7089,CACTAGGC,N5080,TGCCGTTG
TwistER-day2_sc57,N7089,CACTAGGC,N5081,CTACATTG
TwistER-day2_sc58,N7089,CACTAGGC,N5082,GGGTAGCC
TwistER-day2_sc59,N7089,CACTAGGC,N5083,CGGACTTT
TwistER-day2_sc60,N7089,CACTAGGC,N5084,CCGCGGAA
TwistER-day2_sc61,N7090,TCGAAGCC,N5073,TGTATTAC
TwistER-day2_sc62,N7090,TCGAAGCC,N5074,TAGACGCC
TwistER-day2_sc63,N7090,TCGAAGCC,N5075,AGCAGCGC
TwistER-day2_sc64,N7090,TCGAAGCC,N5076,AATGGCAC
TwistER-day2_sc65,N7090,TCGAAGCC,N5077,CATACCTA
TwistER-day2_sc66,N7090,TCGAAGCC,N5078,TAGGTGTT
TwistER-day2_sc67,N7090,TCGAAGCC,N5079,GTTCGGAG
TwistER-day2_sc68,N7090,TCGAAGCC,N5080,TGCCGTTG
TwistER-day2_sc69,N7090,TCGAAGCC,N5081,CTACATTG
TwistER-day2_sc70,N7090,TCGAAGCC,N5082,GGGTAGCC
TwistER-day2_sc71,N7090,TCGAAGCC,N5083,CGGACTTT
TwistER-day2_sc72,N7090,TCGAAGCC,N5084,CCGCGGAA
TwistER-day2_sc73,N7091,GCATGTAC,N5073,TGTATTAC
TwistER-day2_sc74,N7091,GCATGTAC,N5074,TAGACGCC
TwistER-day2_sc75,N7091,GCATGTAC,N5075,AGCAGCGC
TwistER-day2_sc76,N7091,GCATGTAC,N5076,AATGGCAC
TwistER-day2_sc77,N7091,GCATGTAC,N5077,CATACCTA
TwistER-day2_sc78,N7091,GCATGTAC,N5078,TAGGTGTT
TwistER-day2_sc79,N7091,GCATGTAC,N5079,GTTCGGAG
TwistER-day2_sc80,N7091,GCATGTAC,N5080,TGCCGTTG
TwistER-day2_sc81,N7091,GCATGTAC,N5081,CTACATTG
TwistER-day2_sc82,N7091,GCATGTAC,N5082,GGGTAGCC
TwistER-day2_sc83,N7091,GCATGTAC,N5083,CGGACTTT
TwistER-day2_sc84,N7091,GCATGTAC,N5084,CCGCGGAA
TwistER-day2_sc85,N7092,GTTCGAGT,N5073,TGTATTAC
TwistER-day2_sc86,N7092,GTTCGAGT,N5074,TAGACGCC
TwistER-day2_sc87,N7092,GTTCGAGT,N5075,AGCAGCGC
TwistER-day2_sc88,N7092,GTTCGAGT,N5076,AATGGCAC
TwistER-day2_sc89,N7092,GTTCGAGT,N5077,CATACCTA
TwistER-day2_sc90,N7092,GTTCGAGT,N5078,TAGGTGTT
TwistER-day2_sc91,N7092,GTTCGAGT,N5079,GTTCGGAG
TwistER-day2_sc92,N7092,GTTCGAGT,N5080,TGCCGTTG
TwistER-day2_sc93,N7092,GTTCGAGT,N5081,CTACATTG
TwistER-day2_sc94,N7092,GTTCGAGT,N5082,GGGTAGCC
TwistER-day2_sc95,N7092,GTTCGAGT,N5083,CGGACTTT
TwistER-day2_sc96,N7092,GTTCGAGT,N5084,CCGCGGAA
